{
    "Dungeon000": {
        "X": 2301.46240234375,
        "Y": 226.34815979003906,
        "Z": -940.7257690429688
    },
    "Dungeon001": {
        "X": -1793.2548828125,
        "Y": 125.85308074951172,
        "Z": 2422.486328125
    },
    "Dungeon002": {
        "X": 2666.11962890625,
        "Y": 260.9119567871094,
        "Z": -1580.3284912109375
    },
    "Dungeon003": {
        "X": -4847.43359375,
        "Y": 136.74302673339844,
        "Z": 3773.547607421875
    },
    "Dungeon004": {
        "X": -1432.615478515625,
        "Y": 151.3189697265625,
        "Z": -593.2459716796875
    },
    "Dungeon005": {
        "X": 3323.169189453125,
        "Y": 252.2826690673828,
        "Z": -517.9188232421875
    },
    "Dungeon006": {
        "X": 2833.532958984375,
        "Y": 165.7545166015625,
        "Z": 3311.9580078125
    },
    "Dungeon007": {
        "X": 87.01651000976562,
        "Y": 135.51492309570312,
        "Z": 1657.70556640625
    },
    "Dungeon008": {
        "X": -3608.985595703125,
        "Y": 255.73739624023438,
        "Z": -1516.377197265625
    },
    "Dungeon009": {
        "X": -925.0302734375,
        "Y": 287.16851806640625,
        "Z": 2320.229248046875
    },
    "Dungeon010": {
        "X": -2809.968017578125,
        "Y": 185.0082244873047,
        "Z": 2300.1767578125
    },
    "Dungeon011": {
        "X": -1489.2401123046875,
        "Y": 288.22222900390625,
        "Z": -1473.80322265625
    },
    "Dungeon012": {
        "X": -4015.362060546875,
        "Y": 284.202392578125,
        "Z": -1722.4862060546875
    },
    "Dungeon013": {
        "X": 4294.9013671875,
        "Y": 250.41909790039062,
        "Z": -2729.875
    },
    "Dungeon014": {
        "X": 2501.699951171875,
        "Y": 128.1676025390625,
        "Z": 1495.5816650390625
    },
    "Dungeon015": {
        "X": 1846.561279296875,
        "Y": 144.50735473632812,
        "Z": 2473.725830078125
    },
    "Dungeon016": {
        "X": 3333.5,
        "Y": 132.0,
        "Z": 402.5
    },
    "Dungeon017": {
        "X": 1266.2686767578125,
        "Y": 538.8690185546875,
        "Z": 1938.69970703125
    },
    "Dungeon018": {
        "X": -2377.0166015625,
        "Y": 498.9140625,
        "Z": -3224.610107421875
    },
    "Dungeon019": {
        "X": 2696.76806640625,
        "Y": 233.93955993652344,
        "Z": 1333.0174560546875
    },
    "Dungeon020": {
        "X": -1892.4171142578125,
        "Y": 221.40000915527344,
        "Z": 91.030517578125
    },
    "Dungeon021": {
        "X": -2269.10009765625,
        "Y": 225.5794677734375,
        "Z": -901.1000366210938
    },
    "Dungeon022": {
        "X": 470.9549255371094,
        "Y": 263.1484375,
        "Z": -2167.8173828125
    },
    "Dungeon023": {
        "X": 1509.48046875,
        "Y": 141.4054718017578,
        "Z": -377.2189636230469
    },
    "Dungeon024": {
        "X": 2621.619873046875,
        "Y": 258.38812255859375,
        "Z": 379.23419189453125
    },
    "Dungeon025": {
        "X": 2075.823486328125,
        "Y": 533.7685546875,
        "Z": -2039.718017578125
    },
    "Dungeon026": {
        "X": 1756.57080078125,
        "Y": 548.3204345703125,
        "Z": -2561.701171875
    },
    "Dungeon027": {
        "X": -1562.2928466796875,
        "Y": 199.7283172607422,
        "Z": 1309.782958984375
    },
    "Dungeon028": {
        "X": 1536.2091064453125,
        "Y": 520.3345947265625,
        "Z": -3117.4677734375
    },
    "Dungeon029": {
        "X": 854.0030517578125,
        "Y": 129.93179321289062,
        "Z": 838.7382202148438
    },
    "Dungeon030": {
        "X": -2004.00830078125,
        "Y": 240.64720153808594,
        "Z": 1675.2626953125
    },
    "Dungeon031": {
        "X": 2723.077880859375,
        "Y": 298.4114074707031,
        "Z": -1165.1676025390625
    },
    "Dungeon032": {
        "X": -3316.80224609375,
        "Y": 159.11378479003906,
        "Z": 2162.678955078125
    },
    "Dungeon033": {
        "X": 1601.8326416015625,
        "Y": 130.70001220703125,
        "Z": 462.75384521484375
    },
    "Dungeon034": {
        "X": 3437.28515625,
        "Y": 129.6765594482422,
        "Z": 3317.19580078125
    },
    "Dungeon035": {
        "X": -3656.03271484375,
        "Y": 334.74481201171875,
        "Z": -1757.7003173828125
    },
    "Dungeon036": {
        "X": -3910.61279296875,
        "Y": 405.0010070800781,
        "Z": 1653.031005859375
    },
    "Dungeon037": {
        "X": -2930.760498046875,
        "Y": 319.4459533691406,
        "Z": -433.03851318359375
    },
    "Dungeon038": {
        "X": -672.4623413085938,
        "Y": 186.09091186523438,
        "Z": 1513.63037109375
    },
    "Dungeon039": {
        "X": 3387.706787109375,
        "Y": 255.59239196777344,
        "Z": 2215.13037109375
    },
    "Dungeon040": {
        "X": -967.639404296875,
        "Y": 140.66522216796875,
        "Z": 716.8792724609375
    },
    "Dungeon041": {
        "X": -447.69512939453125,
        "Y": 193.01881408691406,
        "Z": 1990.182373046875
    },
    "Dungeon042": {
        "X": -1720.388916015625,
        "Y": 348.74114990234375,
        "Z": -2554.625732421875
    },
    "Dungeon043": {
        "X": -3083.613037109375,
        "Y": 584.5511474609375,
        "Z": 1221.7900390625
    },
    "Dungeon044": {
        "X": 1245.1182861328125,
        "Y": 456.3691101074219,
        "Z": 1850.44091796875
    },
    "Dungeon045": {
        "X": 1662.9674072265625,
        "Y": 128.52410888671875,
        "Z": 1922.3955078125
    },
    "Dungeon046": {
        "X": -2998.30517578125,
        "Y": 680.7533569335938,
        "Z": -3220.63525390625
    },
    "Dungeon047": {
        "X": 1272.9166259765625,
        "Y": 150.6749725341797,
        "Z": 1843.90966796875
    },
    "Dungeon048": {
        "X": 3028.297607421875,
        "Y": 361.6464538574219,
        "Z": -1668.014892578125
    },
    "Dungeon049": {
        "X": 825.1654052734375,
        "Y": 145.87744140625,
        "Z": 187.50900268554688
    },
    "Dungeon050": {
        "X": 1586.375244140625,
        "Y": 179.9945526123047,
        "Z": 3613.991943359375
    },
    "Dungeon051": {
        "X": -4058.83544921875,
        "Y": 107.89071655273438,
        "Z": -2508.257080078125
    },
    "Dungeon052": {
        "X": -2380.418701171875,
        "Y": 291.1098937988281,
        "Z": -2255.404296875
    },
    "Dungeon053": {
        "X": -3822.2373046875,
        "Y": 278.1203918457031,
        "Z": -2206.895751953125
    },
    "Dungeon054": {
        "X": 522.9542236328125,
        "Y": 191.9074249267578,
        "Z": 3525.324462890625
    },
    "Dungeon055": {
        "X": -2832.0634765625,
        "Y": 92.875,
        "Z": -1577.1309814453125
    },
    "Dungeon056": {
        "X": 1230.99658203125,
        "Y": 140.54844665527344,
        "Z": -1212.7283935546875
    },
    "Dungeon057": {
        "X": 345.58740234375,
        "Y": 136.07974243164062,
        "Z": 1007.7691650390625
    },
    "Dungeon058": {
        "X": -2297.783935546875,
        "Y": 452.568359375,
        "Z": 461.6640930175781
    },
    "Dungeon059": {
        "X": -4121.39892578125,
        "Y": 197.28811645507812,
        "Z": -414.1998291015625
    },
    "Dungeon060": {
        "X": -3816.313720703125,
        "Y": 163.44683837890625,
        "Z": 2819.1572265625
    },
    "Dungeon061": {
        "X": 1790.25732421875,
        "Y": 202.79495239257812,
        "Z": 2992.8642578125
    },
    "Dungeon062": {
        "X": -1672.3563232421875,
        "Y": 359.5669250488281,
        "Z": -3759.0283203125
    },
    "Dungeon063": {
        "X": -4673.52978515625,
        "Y": 145.1199951171875,
        "Z": 1968.7900390625
    },
    "Dungeon064": {
        "X": 2064.97265625,
        "Y": 611.0113525390625,
        "Z": -2327.87353515625
    },
    "Dungeon065": {
        "X": -1435.3870849609375,
        "Y": 350.57696533203125,